"Category","Status","Risk","NexusModId","LogFile","SourceLog"
"Assessed / audited","assessed-or-audited","medium","5604","assess-aefderaedd-5604-2026-06-23.md","C:\Users\marti\OneDrive\Documents\New project\Witcher-3\logs\assess-aefderaedd-5604-2026-06-23.md"
"Assessed / audited","assessed-or-audited","medium","2686","assess-beautiful-grass-2686-2026-06-23.md","C:\Users\marti\OneDrive\Documents\New project\Witcher-3\logs\assess-beautiful-grass-2686-2026-06-23.md"
"Assessed / audited","assessed-or-audited","medium","9987","assess-bia-hdrp-compatible-patch-9987-2026-06-23.md","C:\Users\marti\OneDrive\Documents\New project\Witcher-3\logs\assess-bia-hdrp-compatible-patch-9987-2026-06-23.md"
"Assessed / audited","assessed-or-audited","medium","2283","assess-butcher-of-blaviken-geralt-2026-06-23.md","C:\Users\marti\OneDrive\Documents\New project\Witcher-3\logs\assess-butcher-of-blaviken-geralt-2026-06-23.md"
"Assessed / audited","assessed-or-audited","medium","8829","assess-children-next-gen-2026-06-23.md","C:\Users\marti\OneDrive\Documents\New project\Witcher-3\logs\assess-children-next-gen-2026-06-23.md"
"Assessed / audited","assessed-or-audited","medium","7221","assess-enable-jumping-in-water-7221-2026-06-23.md","C:\Users\marti\OneDrive\Documents\New project\Witcher-3\logs\assess-enable-jumping-in-water-7221-2026-06-23.md"
"Assessed / audited","assessed-or-audited","medium","1902","assess-enable-mimics-1902-2026-06-23.md","C:\Users\marti\OneDrive\Documents\New project\Witcher-3\logs\assess-enable-mimics-1902-2026-06-23.md"
"Assessed / audited","assessed-or-audited","medium","4341","assess-realistic-eyes-fixed-2026-06-23.md","C:\Users\marti\OneDrive\Documents\New project\Witcher-3\logs\assess-realistic-eyes-fixed-2026-06-23.md"
"Assessed / audited","assessed-or-audited","medium","4138","assess-skellige-winter-weather-2026-06-23.md","C:\Users\marti\OneDrive\Documents\New project\Witcher-3\logs\assess-skellige-winter-weather-2026-06-23.md"
"Assessed / audited","assessed-or-audited","medium","2943","assess-smart-magic-lamp-2026-06-23.md","C:\Users\marti\OneDrive\Documents\New project\Witcher-3\logs\assess-smart-magic-lamp-2026-06-23.md"
"Assessed / audited","assessed-or-audited","medium","5468","assess-sort-everything-minor-tweaks-2026-06-23.md","C:\Users\marti\OneDrive\Documents\New project\Witcher-3\logs\assess-sort-everything-minor-tweaks-2026-06-23.md"
"Assessed / audited","assessed-or-audited","medium","10761","assess-ssao-tweak-eyes-fix-10761-2026-06-23.md","C:\Users\marti\OneDrive\Documents\New project\Witcher-3\logs\assess-ssao-tweak-eyes-fix-10761-2026-06-23.md"
"Assessed / audited","assessed-or-audited","medium","3223","assess-triss-glorified-2026-06-23.md","C:\Users\marti\OneDrive\Documents\New project\Witcher-3\logs\assess-triss-glorified-2026-06-23.md"
"Assessed / audited","assessed-or-audited","medium","6421","assess-ui-sound-effects-cleaning-6421-2026-06-23.md","C:\Users\marti\OneDrive\Documents\New project\Witcher-3\logs\assess-ui-sound-effects-cleaning-6421-2026-06-23.md"
"Assessed / audited","assessed-or-audited","medium","8732","audit-cat-hood-fix-8732-2026-06-24.md","C:\Users\marti\OneDrive\Documents\New project\Witcher-3\logs\audit-cat-hood-fix-8732-2026-06-24.md"
"Assessed / audited","assessed-or-audited","medium","","audit-hdrp-merge-status-2026-06-24.md","C:\Users\marti\OneDrive\Documents\New project\Witcher-3\logs\audit-hdrp-merge-status-2026-06-24.md"
"Assessed / audited","assessed-or-audited","medium","3703","audit-improved-fist-fights-3703-w3ee-risk-2026-06-25.md","C:\Users\marti\OneDrive\Documents\New project\Witcher-3\logs\audit-improved-fist-fights-3703-w3ee-risk-2026-06-25.md"
"Assessed / audited","assessed-or-audited","medium","11934","audit-kaer-morhen-extended-edition-11934-2026-06-25.md","C:\Users\marti\OneDrive\Documents\New project\Witcher-3\logs\audit-kaer-morhen-extended-edition-11934-2026-06-25.md"
"Assessed / audited","assessed-or-audited","medium","","audit-time-of-sword-and-axe-shadowed-scripts-2026-06-24.md","C:\Users\marti\OneDrive\Documents\New project\Witcher-3\logs\audit-time-of-sword-and-axe-shadowed-scripts-2026-06-24.md"
"Assessed / audited","assessed-or-audited","medium","9287","audit-triss-corvo-bianco-true-dress-9287-2026-06-25.md","C:\Users\marti\OneDrive\Documents\New project\Witcher-3\logs\audit-triss-corvo-bianco-true-dress-9287-2026-06-25.md"
"Assessed / audited","assessed-or-audited","medium","11799","audit-triss-earrings-fix-11799-2026-06-25.md","C:\Users\marti\OneDrive\Documents\New project\Witcher-3\logs\audit-triss-earrings-fix-11799-2026-06-25.md"
"Assessed / audited","assessed-or-audited","medium","11216","check-bald-mountain-oak-tree-lod-fix-11216-2026-06-23.md","C:\Users\marti\OneDrive\Documents\New project\Witcher-3\logs\check-bald-mountain-oak-tree-lod-fix-11216-2026-06-23.md"
"Assessed / audited","assessed-or-audited","medium","9780","check-beauclair-npc-spawn-fix-9780-2026-06-23.md","C:\Users\marti\OneDrive\Documents\New project\Witcher-3\logs\check-beauclair-npc-spawn-fix-9780-2026-06-23.md"
"Assessed / audited","assessed-or-audited","medium","10024","check-better-sword-sheathing-10024-2026-06-23.md","C:\Users\marti\OneDrive\Documents\New project\Witcher-3\logs\check-better-sword-sheathing-10024-2026-06-23.md"
"Assessed / audited","assessed-or-audited","medium","7185","check-grammar-of-the-path-7185-2026-06-23.md","C:\Users\marti\OneDrive\Documents\New project\Witcher-3\logs\check-grammar-of-the-path-7185-2026-06-23.md"
"Assessed / audited","assessed-or-audited","medium","10978;9563","compare-kaer-morhen-enhanced-10978-vs-restored-9563-2026-06-25.md","C:\Users\marti\OneDrive\Documents\New project\Witcher-3\logs\compare-kaer-morhen-enhanced-10978-vs-restored-9563-2026-06-25.md"
"Troubleshooting / validation","troubleshooting-record","medium","","crash-fix-2026-06-21.md","C:\Users\marti\OneDrive\Documents\New project\Witcher-3\logs\crash-fix-2026-06-21.md"
"Reference / notes","reference","medium","","decision-kaer-morhen-world-overhaul-simple-line-2026-06-25.md","C:\Users\marti\OneDrive\Documents\New project\Witcher-3\logs\decision-kaer-morhen-world-overhaul-simple-line-2026-06-25.md"
"Skipped / do not install now","skipped","n/a","10295","decision-skip-balanced-alcohol-prices-10295-2026-06-25.md","C:\Users\marti\OneDrive\Documents\New project\Witcher-3\logs\decision-skip-balanced-alcohol-prices-10295-2026-06-25.md"
"Skipped / do not install now","skipped","n/a","3097;8707","decision-skip-cheaper-lore-friendlier-shop-prices-3097-8707-2026-06-24.md","C:\Users\marti\OneDrive\Documents\New project\Witcher-3\logs\decision-skip-cheaper-lore-friendlier-shop-prices-3097-8707-2026-06-24.md"
"Skipped / do not install now","skipped","n/a","7353","decision-skip-interface-animations-7353-2026-06-24.md","C:\Users\marti\OneDrive\Documents\New project\Witcher-3\logs\decision-skip-interface-animations-7353-2026-06-24.md"
"Skipped / do not install now","skipped","n/a","11934","decision-skip-kaer-morhen-extended-edition-11934-2026-06-24.md","C:\Users\marti\OneDrive\Documents\New project\Witcher-3\logs\decision-skip-kaer-morhen-extended-edition-11934-2026-06-24.md"
"Skipped / do not install now","skipped","n/a","","decision-skip-waterwheel2-shadowflickersfix-2026-06-24.md","C:\Users\marti\OneDrive\Documents\New project\Witcher-3\logs\decision-skip-waterwheel2-shadowflickersfix-2026-06-24.md"
"Deferred","deferred","medium","8081","defer-alchemy-primer-8081-2026-06-24.md","C:\Users\marti\OneDrive\Documents\New project\Witcher-3\logs\defer-alchemy-primer-8081-2026-06-24.md"
"Reference / notes","reference","medium","","direct-launcher-2026-06-22.md","C:\Users\marti\OneDrive\Documents\New project\Witcher-3\logs\direct-launcher-2026-06-22.md"
"Download triage","triage-batch","medium","","download-triage-contained-fixes-batch-2026-06-23.md","C:\Users\marti\OneDrive\Documents\New project\Witcher-3\logs\download-triage-contained-fixes-batch-2026-06-23.md"
"Download triage","triage-batch","medium","","download-triage-low-risk-batch-2026-06-23.md","C:\Users\marti\OneDrive\Documents\New project\Witcher-3\logs\download-triage-low-risk-batch-2026-06-23.md"
"Troubleshooting / validation","troubleshooting-record","medium","","dx12-crash-2026-06-21.md","C:\Users\marti\OneDrive\Documents\New project\Witcher-3\logs\dx12-crash-2026-06-21.md"
"Troubleshooting / validation","troubleshooting-record","medium","","enable-debug-console-testing-workflow-2026-06-23.md","C:\Users\marti\OneDrive\Documents\New project\Witcher-3\logs\enable-debug-console-testing-workflow-2026-06-23.md"
"Fix / restoration applied","fix-applied","medium","","fix-dx12-missing-mouse-cursor-2026-06-23.md","C:\Users\marti\OneDrive\Documents\New project\Witcher-3\logs\fix-dx12-missing-mouse-cursor-2026-06-23.md"
"Fix / restoration applied","fix-applied","medium","","fix-live-bestiary-dlc-root-2026-06-23.md","C:\Users\marti\OneDrive\Documents\New project\Witcher-3\logs\fix-live-bestiary-dlc-root-2026-06-23.md"
"Fix / restoration applied","fix-applied","medium","","fix-menu-organizer-xml-filelist-2026-06-25.md","C:\Users\marti\OneDrive\Documents\New project\Witcher-3\logs\fix-menu-organizer-xml-filelist-2026-06-25.md"
"Fix / restoration applied","fix-applied","medium","","fix-new-lightning-debug-overlay-2026-06-23.md","C:\Users\marti\OneDrive\Documents\New project\Witcher-3\logs\fix-new-lightning-debug-overlay-2026-06-23.md"
"Troubleshooting / validation","troubleshooting-record","medium","","game-smoke-tests-2026-06-23.md","C:\Users\marti\OneDrive\Documents\New project\Witcher-3\logs\game-smoke-tests-2026-06-23.md"
"Assessed / audited","assessed-or-audited","medium","","inspect-new-lightning-fx-2026-06-23.md","C:\Users\marti\OneDrive\Documents\New project\Witcher-3\logs\inspect-new-lightning-fx-2026-06-23.md"
"Installed standard path","installed-standard-or-script-merged","medium","","install-2026-06-21.md","C:\Users\marti\OneDrive\Documents\New project\Witcher-3\logs\install-2026-06-21.md"
"Installed standard path","installed-standard-or-script-merged","medium","6033","install-additional-stash-locations-bia-patch-6033-2026-06-23.md","C:\Users\marti\OneDrive\Documents\New project\Witcher-3\logs\install-additional-stash-locations-bia-patch-6033-2026-06-23.md"
"Installed standard path","installed-standard-or-script-merged","medium","7979","install-aio-rt-tweaks-7979-2026-06-23.md","C:\Users\marti\OneDrive\Documents\New project\Witcher-3\logs\install-aio-rt-tweaks-7979-2026-06-23.md"
"Installed standard path","installed-standard-or-script-merged","medium","7732","install-alcohol-factory-7732-2026-06-23.md","C:\Users\marti\OneDrive\Documents\New project\Witcher-3\logs\install-alcohol-factory-7732-2026-06-23.md"
"Installed standard path","installed-standard-or-script-merged","medium","5503","install-all-gear-enchanting-sockets-5503-2026-06-23.md","C:\Users\marti\OneDrive\Documents\New project\Witcher-3\logs\install-all-gear-enchanting-sockets-5503-2026-06-23.md"
"Installed standard path","installed-standard-or-script-merged","medium","","install-amm-2026-06-21.md","C:\Users\marti\OneDrive\Documents\New project\Witcher-3\logs\install-amm-2026-06-21.md"
"Installed standard path","installed-standard-or-script-merged","medium","5722","install-amm-async-5722-2026-06-22.md","C:\Users\marti\OneDrive\Documents\New project\Witcher-3\logs\install-amm-async-5722-2026-06-22.md"
"Installed standard path","installed-standard-or-script-merged","medium","11636","install-anarietta-overhaul-2026-06-23.md","C:\Users\marti\OneDrive\Documents\New project\Witcher-3\logs\install-anarietta-overhaul-2026-06-23.md"
"Installed standard path","installed-standard-or-script-merged","medium","1134;7428;3733;7424;8841","install-appearance-batch-1134-7428-3733-7424-8841-2026-06-22.md","C:\Users\marti\OneDrive\Documents\New project\Witcher-3\logs\install-appearance-batch-1134-7428-3733-7424-8841-2026-06-22.md"
"Installed standard path","installed-standard-or-script-merged","medium","11686","install-attack-collision-overhaul-giants-11686-2026-06-23.md","C:\Users\marti\OneDrive\Documents\New project\Witcher-3\logs\install-attack-collision-overhaul-giants-11686-2026-06-23.md"
"Installed standard path","installed-standard-or-script-merged","medium","10530","install-attack-collision-overhaul-leshens-10530-2026-06-23.md","C:\Users\marti\OneDrive\Documents\New project\Witcher-3\logs\install-attack-collision-overhaul-leshens-10530-2026-06-23.md"
"Removed / quarantined","quarantined-or-disabled","high","11004","install-attempt-palace-extended-11004-quarantined-2026-06-25.md","C:\Users\marti\OneDrive\Documents\New project\Witcher-3\logs\install-attempt-palace-extended-11004-quarantined-2026-06-25.md"
"Installed standard path","installed-standard-or-script-merged","medium","11382","install-auto-gloves-mask-off-11382-2026-06-23.md","C:\Users\marti\OneDrive\Documents\New project\Witcher-3\logs\install-auto-gloves-mask-off-11382-2026-06-23.md"
"Installed standard path","installed-standard-or-script-merged","medium","11743","install-auto-loot-redux-11743-2026-06-22.md","C:\Users\marti\OneDrive\Documents\New project\Witcher-3\logs\install-auto-loot-redux-11743-2026-06-22.md"
"Installed standard path","installed-standard-or-script-merged","medium","6880","install-basic-cooking-recipes-6880-2026-06-24.md","C:\Users\marti\OneDrive\Documents\New project\Witcher-3\logs\install-basic-cooking-recipes-6880-2026-06-24.md"
"Installed standard path","installed-standard-or-script-merged","medium","10447","install-better-grass-ao-2026-06-23.md","C:\Users\marti\OneDrive\Documents\New project\Witcher-3\logs\install-better-grass-ao-2026-06-23.md"
"Installed standard path","installed-standard-or-script-merged","medium","10256","install-better-icons-w3ee-10256-2026-06-22.md","C:\Users\marti\OneDrive\Documents\New project\Witcher-3\logs\install-better-icons-w3ee-10256-2026-06-22.md"
"Installed standard path","installed-standard-or-script-merged","medium","3201","install-brothel-addicted-core-3201-2026-06-23.md","C:\Users\marti\OneDrive\Documents\New project\Witcher-3\logs\install-brothel-addicted-core-3201-2026-06-23.md"
"Installed standard path","installed-standard-or-script-merged","medium","3201","install-brothel-addicted-options-3201-2026-06-23.md","C:\Users\marti\OneDrive\Documents\New project\Witcher-3\logs\install-brothel-addicted-options-3201-2026-06-23.md"
"Installed standard path","installed-standard-or-script-merged","medium","11260","install-brothers-in-arms-11260-2026-06-22.md","C:\Users\marti\OneDrive\Documents\New project\Witcher-3\logs\install-brothers-in-arms-11260-2026-06-22.md"
"Installed standard path","installed-standard-or-script-merged","medium","4046","install-cape-hood-helmet-toggle-4046-2026-06-22.md","C:\Users\marti\OneDrive\Documents\New project\Witcher-3\logs\install-cape-hood-helmet-toggle-4046-2026-06-22.md"
"Installed standard path","installed-standard-or-script-merged","medium","7129","install-cerys-shieldmaiden-7129-2026-06-22.md","C:\Users\marti\OneDrive\Documents\New project\Witcher-3\logs\install-cerys-shieldmaiden-7129-2026-06-22.md"
"Installed standard path","installed-standard-or-script-merged","medium","10556","install-ciri-scene-restored-10556-2026-06-23.md","C:\Users\marti\OneDrive\Documents\New project\Witcher-3\logs\install-ciri-scene-restored-10556-2026-06-23.md"
"Installed standard path","installed-standard-or-script-merged","medium","8152","install-ciris-fate-2026-06-23.md","C:\Users\marti\OneDrive\Documents\New project\Witcher-3\logs\install-ciris-fate-2026-06-23.md"
"Installed standard path","installed-standard-or-script-merged","medium","445","install-ciri-sword-lfss-445-2026-06-23.md","C:\Users\marti\OneDrive\Documents\New project\Witcher-3\logs\install-ciri-sword-lfss-445-2026-06-23.md"
"Installed standard path","installed-standard-or-script-merged","medium","9651","install-ciri-witcher-ending-restoration-9651-2026-06-23.md","C:\Users\marti\OneDrive\Documents\New project\Witcher-3\logs\install-ciri-witcher-ending-restoration-9651-2026-06-23.md"
"Installed standard path","installed-standard-or-script-merged","medium","7523","install-colored-subtitles-7523-2026-06-24.md","C:\Users\marti\OneDrive\Documents\New project\Witcher-3\logs\install-colored-subtitles-7523-2026-06-24.md"
"Installed standard path","installed-standard-or-script-merged","medium","11862","install-correct-burning-name-11862-2026-06-24.md","C:\Users\marti\OneDrive\Documents\New project\Witcher-3\logs\install-correct-burning-name-11862-2026-06-24.md"
"Installed standard path","installed-standard-or-script-merged","medium","8683","install-corvo-bianco-plantation-8683-2026-06-24.md","C:\Users\marti\OneDrive\Documents\New project\Witcher-3\logs\install-corvo-bianco-plantation-8683-2026-06-24.md"
"Installed standard path","installed-standard-or-script-merged","medium","3287","install-corvo-bianco-variants-2026-06-22.md","C:\Users\marti\OneDrive\Documents\New project\Witcher-3\logs\install-corvo-bianco-variants-2026-06-22.md"
"Installed with adjustments / partial","installed-partial-or-adjusted","high","10503","install-counterattack-fixes-10503-partial-2026-06-24.md","C:\Users\marti\OneDrive\Documents\New project\Witcher-3\logs\install-counterattack-fixes-10503-partial-2026-06-24.md"
"Installed standard path","installed-standard-or-script-merged","medium","3272","install-dense-rainfall-3272-2026-06-23.md","C:\Users\marti\OneDrive\Documents\New project\Witcher-3\logs\install-dense-rainfall-3272-2026-06-23.md"
"Installed standard path","installed-standard-or-script-merged","medium","10256","install-e3-better-icons-patch-10256-2026-06-22.md","C:\Users\marti\OneDrive\Documents\New project\Witcher-3\logs\install-e3-better-icons-patch-10256-2026-06-22.md"
"Installed standard path","installed-standard-or-script-merged","medium","2996","install-e3-colored-loading-screens-2996-2026-06-22.md","C:\Users\marti\OneDrive\Documents\New project\Witcher-3\logs\install-e3-colored-loading-screens-2996-2026-06-22.md"
"Installed standard path","installed-standard-or-script-merged","medium","9478","install-e3-hud-w3ee-redux-ng-9478-2026-06-22.md","C:\Users\marti\OneDrive\Documents\New project\Witcher-3\logs\install-e3-hud-w3ee-redux-ng-9478-2026-06-22.md"
"Installed standard path","installed-standard-or-script-merged","medium","9957","install-e3-quen-w3ee-9957-2026-06-22.md","C:\Users\marti\OneDrive\Documents\New project\Witcher-3\logs\install-e3-quen-w3ee-9957-2026-06-22.md"
"Installed standard path","installed-standard-or-script-merged","medium","7269","install-enhanced-herbalism-7269-2026-06-25.md","C:\Users\marti\OneDrive\Documents\New project\Witcher-3\logs\install-enhanced-herbalism-7269-2026-06-25.md"
"Installed standard path","installed-standard-or-script-merged","medium","12230","install-environment-overhaul-12230-2026-06-23.md","C:\Users\marti\OneDrive\Documents\New project\Witcher-3\logs\install-environment-overhaul-12230-2026-06-23.md"
"Installed standard path","installed-standard-or-script-merged","medium","7488","install-events-7488-2026-06-23.md","C:\Users\marti\OneDrive\Documents\New project\Witcher-3\logs\install-events-7488-2026-06-23.md"
"Installed standard path","installed-standard-or-script-merged","medium","12293","install-everlasting-shrines-verna-12293-2026-06-24.md","C:\Users\marti\OneDrive\Documents\New project\Witcher-3\logs\install-everlasting-shrines-verna-12293-2026-06-24.md"
"Installed standard path","installed-standard-or-script-merged","medium","12249","install-extra-skill-slots-12249-2026-06-23.md","C:\Users\marti\OneDrive\Documents\New project\Witcher-3\logs\install-extra-skill-slots-12249-2026-06-23.md"
"Installed standard path","installed-standard-or-script-merged","medium","","install-final-safe-download-batch-2026-06-22.md","C:\Users\marti\OneDrive\Documents\New project\Witcher-3\logs\install-final-safe-download-batch-2026-06-22.md"
"Installed standard path","installed-standard-or-script-merged","medium","7173","install-fix-stuck-quest-items-7173-2026-06-24.md","C:\Users\marti\OneDrive\Documents\New project\Witcher-3\logs\install-fix-stuck-quest-items-7173-2026-06-24.md"
"Installed standard path","installed-standard-or-script-merged","medium","8707","install-foces-economy-system-8707-2026-06-24.md","C:\Users\marti\OneDrive\Documents\New project\Witcher-3\logs\install-foces-economy-system-8707-2026-06-24.md"
"Installed standard path","installed-standard-or-script-merged","medium","11321;12221","install-food-rebalance-redux-11321-2026-06-22.md","C:\Users\marti\OneDrive\Documents\New project\Witcher-3\logs\install-food-rebalance-redux-11321-2026-06-22.md"
"Installed standard path","installed-standard-or-script-merged","medium","7343","install-friendly-meditation-7343-2026-06-23.md","C:\Users\marti\OneDrive\Documents\New project\Witcher-3\logs\install-friendly-meditation-7343-2026-06-23.md"
"Installed standard path","installed-standard-or-script-merged","medium","11651","install-full-manticore-w3ee-redux-11651-2026-06-22.md","C:\Users\marti\OneDrive\Documents\New project\Witcher-3\logs\install-full-manticore-w3ee-redux-11651-2026-06-22.md"
"Installed standard path","installed-standard-or-script-merged","medium","10593","install-gameplay-mimics-fix-10593-2026-06-24.md","C:\Users\marti\OneDrive\Documents\New project\Witcher-3\logs\install-gameplay-mimics-fix-10593-2026-06-24.md"
"Installed standard path","installed-standard-or-script-merged","medium","5384","install-geralt-in-brothel-5384-2026-06-23.md","C:\Users\marti\OneDrive\Documents\New project\Witcher-3\logs\install-geralt-in-brothel-5384-2026-06-23.md"
"Installed standard path","installed-standard-or-script-merged","medium","4809","install-geralt-the-master-cook-4809-2026-06-24.md","C:\Users\marti\OneDrive\Documents\New project\Witcher-3\logs\install-geralt-the-master-cook-4809-2026-06-24.md"
"Installed standard path","installed-standard-or-script-merged","medium","4287;8128;2109","install-gwent-redux-w3ee-redux-patch-8128-2026-06-22.md","C:\Users\marti\OneDrive\Documents\New project\Witcher-3\logs\install-gwent-redux-w3ee-redux-patch-8128-2026-06-22.md"
"Installed standard path","installed-standard-or-script-merged","medium","3580","install-hdmr5-nextgen-3580-2026-06-23.md","C:\Users\marti\OneDrive\Documents\New project\Witcher-3\logs\install-hdmr5-nextgen-3580-2026-06-23.md"
"Installed standard path","installed-standard-or-script-merged","medium","9963;9987","install-hdrp-nextgen-9963-bia-patch-9987-2026-06-23.md","C:\Users\marti\OneDrive\Documents\New project\Witcher-3\logs\install-hdrp-nextgen-9963-bia-patch-9987-2026-06-23.md"
"Installed standard path","installed-standard-or-script-merged","medium","10021","install-hdrp-test-apple-10021-2026-06-23.md","C:\Users\marti\OneDrive\Documents\New project\Witcher-3\logs\install-hdrp-test-apple-10021-2026-06-23.md"
"Installed standard path","installed-standard-or-script-merged","medium","8699","install-herbal-plantology-corvo-bianco-8699-2026-06-24.md","C:\Users\marti\OneDrive\Documents\New project\Witcher-3\logs\install-herbal-plantology-corvo-bianco-8699-2026-06-24.md"
"Installed standard path","installed-standard-or-script-merged","medium","8658","install-honey-workshop-corvo-bianco-8658-2026-06-24.md","C:\Users\marti\OneDrive\Documents\New project\Witcher-3\logs\install-honey-workshop-corvo-bianco-8658-2026-06-24.md"
"Installed standard path","installed-standard-or-script-merged","medium","4242","install-hoods-2026-06-22.md","C:\Users\marti\OneDrive\Documents\New project\Witcher-3\logs\install-hoods-2026-06-22.md"
"Installed standard path","installed-standard-or-script-merged","medium","7302","install-ice-breath-next-gen-7302-2026-06-23.md","C:\Users\marti\OneDrive\Documents\New project\Witcher-3\logs\install-ice-breath-next-gen-7302-2026-06-23.md"
"Installed standard path","installed-standard-or-script-merged","medium","8997","install-icy-ocean-8997-2026-06-23.md","C:\Users\marti\OneDrive\Documents\New project\Witcher-3\logs\install-icy-ocean-8997-2026-06-23.md"
"Installed standard path","installed-standard-or-script-merged","medium","4438","install-immersive-rewards-4438-2026-06-24.md","C:\Users\marti\OneDrive\Documents\New project\Witcher-3\logs\install-immersive-rewards-4438-2026-06-24.md"
"Installed standard path","installed-standard-or-script-merged","medium","8548","install-immersive-wine-cellar-8548-2026-06-24.md","C:\Users\marti\OneDrive\Documents\New project\Witcher-3\logs\install-immersive-wine-cellar-8548-2026-06-24.md"
"Installed standard path","installed-standard-or-script-merged","medium","10978","install-kaer-morhen-enhanced-10978-2026-06-25.md","C:\Users\marti\OneDrive\Documents\New project\Witcher-3\logs\install-kaer-morhen-enhanced-10978-2026-06-25.md"
"Installed standard path","installed-standard-or-script-merged","medium","11934","install-kaer-morhen-extended-11934-base-test-2026-06-25.md","C:\Users\marti\OneDrive\Documents\New project\Witcher-3\logs\install-kaer-morhen-extended-11934-base-test-2026-06-25.md"
"Installed standard path","installed-standard-or-script-merged","medium","9563","install-kaer-morhen-restored-splendor-9563-2026-06-25.md","C:\Users\marti\OneDrive\Documents\New project\Witcher-3\logs\install-kaer-morhen-restored-splendor-9563-2026-06-25.md"
"Installed standard path","installed-standard-or-script-merged","medium","2143","install-knight-accessories-2143-2026-06-22.md","C:\Users\marti\OneDrive\Documents\New project\Witcher-3\logs\install-knight-accessories-2143-2026-06-22.md"
"Installed standard path","installed-standard-or-script-merged","medium","742","install-laion-bear-armor-2026-06-21.md","C:\Users\marti\OneDrive\Documents\New project\Witcher-3\logs\install-laion-bear-armor-2026-06-21.md"
"Installed standard path","installed-standard-or-script-merged","medium","9022","install-larger-white-orchard-2026-06-23.md","C:\Users\marti\OneDrive\Documents\New project\Witcher-3\logs\install-larger-white-orchard-2026-06-23.md"
"Installed standard path","installed-standard-or-script-merged","medium","10653","install-last-wish-final-scene-restoration-10653-2026-06-23.md","C:\Users\marti\OneDrive\Documents\New project\Witcher-3\logs\install-last-wish-final-scene-restoration-10653-2026-06-23.md"
"Installed standard path","installed-standard-or-script-merged","medium","11732","install-lead-ore-w3ee-redux-11732-2026-06-22.md","C:\Users\marti\OneDrive\Documents\New project\Witcher-3\logs\install-lead-ore-w3ee-redux-11732-2026-06-22.md"
"Installed standard path","installed-standard-or-script-merged","medium","3684","install-less-is-more-3684-2026-06-23.md","C:\Users\marti\OneDrive\Documents\New project\Witcher-3\logs\install-less-is-more-3684-2026-06-23.md"
"Installed standard path","installed-standard-or-script-merged","medium","9358","install-less-music-9358-2026-06-23.md","C:\Users\marti\OneDrive\Documents\New project\Witcher-3\logs\install-less-music-9358-2026-06-23.md"
"Installed standard path","installed-standard-or-script-merged","medium","11620","install-lighter-bombs-w3ee-redux-11620-2026-06-22.md","C:\Users\marti\OneDrive\Documents\New project\Witcher-3\logs\install-lighter-bombs-w3ee-redux-11620-2026-06-22.md"
"Installed standard path","installed-standard-or-script-merged","medium","2937","install-live-bestiary-2937-2026-06-23.md","C:\Users\marti\OneDrive\Documents\New project\Witcher-3\logs\install-live-bestiary-2937-2026-06-23.md"
"Installed standard path","installed-standard-or-script-merged","medium","445","install-lore-friendly-silver-swords-2026-06-23.md","C:\Users\marti\OneDrive\Documents\New project\Witcher-3\logs\install-lore-friendly-silver-swords-2026-06-23.md"
"Installed standard path","installed-standard-or-script-merged","medium","8041","install-marlena-the-cook-8041-2026-06-24.md","C:\Users\marti\OneDrive\Documents\New project\Witcher-3\logs\install-marlena-the-cook-8041-2026-06-24.md"
"Installed standard path","installed-standard-or-script-merged","medium","3287","install-mcme-3287-2026-06-22.md","C:\Users\marti\OneDrive\Documents\New project\Witcher-3\logs\install-mcme-3287-2026-06-22.md"
"Installed standard path","installed-standard-or-script-merged","medium","3287;11727","install-mcme-optionals-horse-11727-2026-06-22.md","C:\Users\marti\OneDrive\Documents\New project\Witcher-3\logs\install-mcme-optionals-horse-11727-2026-06-22.md"
"Installed standard path","installed-standard-or-script-merged","medium","10939","install-memory-of-iris-10939-2026-06-23.md","C:\Users\marti\OneDrive\Documents\New project\Witcher-3\logs\install-memory-of-iris-10939-2026-06-23.md"
"Installed standard path","installed-standard-or-script-merged","medium","3711","install-mod-limit-adjuster-3711-2026-06-22.md","C:\Users\marti\OneDrive\Documents\New project\Witcher-3\logs\install-mod-limit-adjuster-3711-2026-06-22.md"
"Installed standard path","installed-standard-or-script-merged","medium","3890","install-modular-eyes-3890-2026-06-22.md","C:\Users\marti\OneDrive\Documents\New project\Witcher-3\logs\install-modular-eyes-3890-2026-06-22.md"
"Installed standard path","installed-standard-or-script-merged","medium","2183","install-naked-geralt-2183-2026-06-23.md","C:\Users\marti\OneDrive\Documents\New project\Witcher-3\logs\install-naked-geralt-2183-2026-06-23.md"
"Installed standard path","installed-standard-or-script-merged","medium","2925","install-natural-torchlight-2925-2026-06-23.md","C:\Users\marti\OneDrive\Documents\New project\Witcher-3\logs\install-natural-torchlight-2925-2026-06-23.md"
"Installed standard path","installed-standard-or-script-merged","medium","3315","install-new-clouds-2026-06-23.md","C:\Users\marti\OneDrive\Documents\New project\Witcher-3\logs\install-new-clouds-2026-06-23.md"
"Installed standard path","installed-standard-or-script-merged","medium","4400","install-new-hairstyles-4400-2026-06-22.md","C:\Users\marti\OneDrive\Documents\New project\Witcher-3\logs\install-new-hairstyles-4400-2026-06-22.md"
"Installed standard path","installed-standard-or-script-merged","medium","8565","install-new-signs-fx-yrden-8565-2026-06-22.md","C:\Users\marti\OneDrive\Documents\New project\Witcher-3\logs\install-new-signs-fx-yrden-8565-2026-06-22.md"
"Installed standard path","installed-standard-or-script-merged","medium","8072","install-new-toussaint-clouds-2026-06-23.md","C:\Users\marti\OneDrive\Documents\New project\Witcher-3\logs\install-new-toussaint-clouds-2026-06-23.md"
"Installed standard path","installed-standard-or-script-merged","medium","9173","install-nextgen-better-fx-9173-2026-06-23.md","C:\Users\marti\OneDrive\Documents\New project\Witcher-3\logs\install-nextgen-better-fx-9173-2026-06-23.md"
"Installed standard path","installed-standard-or-script-merged","medium","7240","install-no-artificial-player-light-7240-2026-06-24.md","C:\Users\marti\OneDrive\Documents\New project\Witcher-3\logs\install-no-artificial-player-light-7240-2026-06-24.md"
"Installed standard path","installed-standard-or-script-merged","medium","1369","install-no-enemy-dots-no-herbs-1369-2026-06-23.md","C:\Users\marti\OneDrive\Documents\New project\Witcher-3\logs\install-no-enemy-dots-no-herbs-1369-2026-06-23.md"
"Installed standard path","installed-standard-or-script-merged","medium","1424","install-no-journal-sounds-1424-2026-06-23.md","C:\Users\marti\OneDrive\Documents\New project\Witcher-3\logs\install-no-journal-sounds-1424-2026-06-23.md"
"Installed standard path","installed-standard-or-script-merged","medium","10807","install-novigrad-sewers-lighting-2026-06-23.md","C:\Users\marti\OneDrive\Documents\New project\Witcher-3\logs\install-novigrad-sewers-lighting-2026-06-23.md"
"Installed standard path","installed-standard-or-script-merged","medium","9688","install-npc-targeting-priority-axii-fixes-9688-2026-06-25.md","C:\Users\marti\OneDrive\Documents\New project\Witcher-3\logs\install-npc-targeting-priority-axii-fixes-9688-2026-06-25.md"
"Installed standard path","installed-standard-or-script-merged","medium","7955","install-quest-item-equipment-7955-2026-06-23.md","C:\Users\marti\OneDrive\Documents\New project\Witcher-3\logs\install-quest-item-equipment-7955-2026-06-23.md"
"Installed standard path","installed-standard-or-script-merged","medium","5018","install-random-encounters-reworked-5018-2026-06-22.md","C:\Users\marti\OneDrive\Documents\New project\Witcher-3\logs\install-random-encounters-reworked-5018-2026-06-22.md"
"Installed standard path","installed-standard-or-script-merged","medium","7553","install-real-cheating-yen-and-triss-7553-2026-06-23.md","C:\Users\marti\OneDrive\Documents\New project\Witcher-3\logs\install-real-cheating-yen-and-triss-7553-2026-06-23.md"
"Installed standard path","installed-standard-or-script-merged","medium","10942","install-realistic-rain-v3-10942-2026-06-23.md","C:\Users\marti\OneDrive\Documents\New project\Witcher-3\logs\install-realistic-rain-v3-10942-2026-06-23.md"
"Installed standard path","installed-standard-or-script-merged","medium","11275","install-reflex-nextgen-w3ee-11275-2026-06-22.md","C:\Users\marti\OneDrive\Documents\New project\Witcher-3\logs\install-reflex-nextgen-w3ee-11275-2026-06-22.md"
"Installed with manual merge/graft","installed-with-manual-graft","high","12196","install-remove-expired-oil-description-12196-graft-2026-06-25.md","C:\Users\marti\OneDrive\Documents\New project\Witcher-3\logs\install-remove-expired-oil-description-12196-graft-2026-06-25.md"
"Installed standard path","installed-standard-or-script-merged","medium","9383","install-reputation-system-9383-2026-06-24.md","C:\Users\marti\OneDrive\Documents\New project\Witcher-3\logs\install-reputation-system-9383-2026-06-24.md"
"Installed standard path","installed-standard-or-script-merged","medium","8285","install-rer-icons-8285-2026-06-22.md","C:\Users\marti\OneDrive\Documents\New project\Witcher-3\logs\install-rer-icons-8285-2026-06-22.md"
"Installed with adjustments / partial","installed-partial-or-adjusted","high","11144","install-rt-water-reflection-fix-11144-partial-2026-06-25.md","C:\Users\marti\OneDrive\Documents\New project\Witcher-3\logs\install-rt-water-reflection-fix-11144-partial-2026-06-25.md"
"Installed standard path","installed-standard-or-script-merged","medium","7426","install-rtxgi-unlocker-7426-2026-06-23.md","C:\Users\marti\OneDrive\Documents\New project\Witcher-3\logs\install-rtxgi-unlocker-7426-2026-06-23.md"
"Installed standard path","installed-standard-or-script-merged","medium","","install-safe-batch-dws-ftp-kmc-2026-06-22.md","C:\Users\marti\OneDrive\Documents\New project\Witcher-3\logs\install-safe-batch-dws-ftp-kmc-2026-06-22.md"
"Installed standard path","installed-standard-or-script-merged","medium","","install-shades-of-iron-2026-06-22.md","C:\Users\marti\OneDrive\Documents\New project\Witcher-3\logs\install-shades-of-iron-2026-06-22.md"
"Installed standard path","installed-standard-or-script-merged","medium","7307","install-shrines-of-verna-7307-2026-06-24.md","C:\Users\marti\OneDrive\Documents\New project\Witcher-3\logs\install-shrines-of-verna-7307-2026-06-24.md"
"Skipped / do not install now","skipped","n/a","358","install-skip-movies-2026-06-23.md","C:\Users\marti\OneDrive\Documents\New project\Witcher-3\logs\install-skip-movies-2026-06-23.md"
"Installed standard path","installed-standard-or-script-merged","medium","5631","install-slimmer-griffin-armor-2026-06-23.md","C:\Users\marti\OneDrive\Documents\New project\Witcher-3\logs\install-slimmer-griffin-armor-2026-06-23.md"
"Installed standard path","installed-standard-or-script-merged","medium","5631","install-slimmer-griffin-armor-5631-2026-06-23.md","C:\Users\marti\OneDrive\Documents\New project\Witcher-3\logs\install-slimmer-griffin-armor-5631-2026-06-23.md"
"Installed standard path","installed-standard-or-script-merged","medium","","install-smart-magic-lamp-merge-pass-2026-06-23.md","C:\Users\marti\OneDrive\Documents\New project\Witcher-3\logs\install-smart-magic-lamp-merge-pass-2026-06-23.md"
"Installed standard path","installed-standard-or-script-merged","medium","12218","install-snc-w3ee-redux-2026-06-21.md","C:\Users\marti\OneDrive\Documents\New project\Witcher-3\logs\install-snc-w3ee-redux-2026-06-21.md"
"Installed standard path","installed-standard-or-script-merged","medium","8932","install-soi-tweaks-8932-2026-06-22.md","C:\Users\marti\OneDrive\Documents\New project\Witcher-3\logs\install-soi-tweaks-8932-2026-06-22.md"
"Installed standard path","installed-standard-or-script-merged","medium","10551;10761","install-ssao-tweak-10551-10761-2026-06-23.md","C:\Users\marti\OneDrive\Documents\New project\Witcher-3\logs\install-ssao-tweak-10551-10761-2026-06-23.md"
"Installed standard path","installed-standard-or-script-merged","medium","7175","install-stack-your-items-7175-2026-06-23.md","C:\Users\marti\OneDrive\Documents\New project\Witcher-3\logs\install-stack-your-items-7175-2026-06-23.md"
"Installed standard path","installed-standard-or-script-merged","medium","11556","install-sword-axe-compat-patches-11556-2026-06-24.md","C:\Users\marti\OneDrive\Documents\New project\Witcher-3\logs\install-sword-axe-compat-patches-11556-2026-06-24.md"
"Installed standard path","installed-standard-or-script-merged","medium","3952;10830","install-swords-on-roach-2026-06-21.md","C:\Users\marti\OneDrive\Documents\New project\Witcher-3\logs\install-swords-on-roach-2026-06-21.md"
"Installed standard path","installed-standard-or-script-merged","medium","2448","install-tailory-2448-2026-06-22.md","C:\Users\marti\OneDrive\Documents\New project\Witcher-3\logs\install-tailory-2448-2026-06-22.md"
"Installed standard path","installed-standard-or-script-merged","medium","8258","install-time-of-sword-and-axe-8258-2026-06-24.md","C:\Users\marti\OneDrive\Documents\New project\Witcher-3\logs\install-time-of-sword-and-axe-8258-2026-06-24.md"
"Installed standard path","installed-standard-or-script-merged","medium","9768","install-triss-emotional-appearance-9768-2026-06-23.md","C:\Users\marti\OneDrive\Documents\New project\Witcher-3\logs\install-triss-emotional-appearance-9768-2026-06-23.md"
"Installed standard path","installed-standard-or-script-merged","medium","4693","install-twcg-random-ost-4693-2026-06-24.md","C:\Users\marti\OneDrive\Documents\New project\Witcher-3\logs\install-twcg-random-ost-4693-2026-06-24.md"
"Installed standard path","installed-standard-or-script-merged","medium","2658","install-tweaks-2658-2026-06-23.md","C:\Users\marti\OneDrive\Documents\New project\Witcher-3\logs\install-tweaks-2658-2026-06-23.md"
"Installed standard path","installed-standard-or-script-merged","medium","10419","install-unread-schematics-recipes-2026-06-23.md","C:\Users\marti\OneDrive\Documents\New project\Witcher-3\logs\install-unread-schematics-recipes-2026-06-23.md"
"Installed standard path","installed-standard-or-script-merged","medium","","install-utilities-menu-category-tree-lod-2026-06-23.md","C:\Users\marti\OneDrive\Documents\New project\Witcher-3\logs\install-utilities-menu-category-tree-lod-2026-06-23.md"
"Installed standard path","installed-standard-or-script-merged","medium","3537","install-vgx-village-cutscene-2026-06-23.md","C:\Users\marti\OneDrive\Documents\New project\Witcher-3\logs\install-vgx-village-cutscene-2026-06-23.md"
"Installed with manual merge/graft","installed-with-manual-graft","high","","install-vigor-regen-tweak-manual-merge-2026-06-23.md","C:\Users\marti\OneDrive\Documents\New project\Witcher-3\logs\install-vigor-regen-tweak-manual-merge-2026-06-23.md"
"Installed standard path","installed-standard-or-script-merged","medium","","install-volumetric-clouds-bootstrap-2026-06-23.md","C:\Users\marti\OneDrive\Documents\New project\Witcher-3\logs\install-volumetric-clouds-bootstrap-2026-06-23.md"
"Installed standard path","installed-standard-or-script-merged","medium","4643","install-warmly-dressed-skelligers-4643-2026-06-23.md","C:\Users\marti\OneDrive\Documents\New project\Witcher-3\logs\install-warmly-dressed-skelligers-4643-2026-06-23.md"
"Installed standard path","installed-standard-or-script-merged","medium","","install-weather-lighting-stack-2026-06-23.md","C:\Users\marti\OneDrive\Documents\New project\Witcher-3\logs\install-weather-lighting-stack-2026-06-23.md"
"Installed standard path","installed-standard-or-script-merged","medium","11264","install-wild-hunt-warriors-bia-11264-2026-06-23.md","C:\Users\marti\OneDrive\Documents\New project\Witcher-3\logs\install-wild-hunt-warriors-bia-11264-2026-06-23.md"
"Installed standard path","installed-standard-or-script-merged","medium","662","install-wild-nudity-662-2026-06-22.md","C:\Users\marti\OneDrive\Documents\New project\Witcher-3\logs\install-wild-nudity-662-2026-06-22.md"
"Installed standard path","installed-standard-or-script-merged","medium","6061","install-witcher3-interactive-map-6061-2026-06-23.md","C:\Users\marti\OneDrive\Documents\New project\Witcher-3\logs\install-witcher3-interactive-map-6061-2026-06-23.md"
"Installed standard path","installed-standard-or-script-merged","medium","7236","install-witcher-lore-collection-7236-2026-06-24.md","C:\Users\marti\OneDrive\Documents\New project\Witcher-3\logs\install-witcher-lore-collection-7236-2026-06-24.md"
"Installed standard path","installed-standard-or-script-merged","medium","8174","install-woodland-spirit-aftermath-8174-2026-06-24.md","C:\Users\marti\OneDrive\Documents\New project\Witcher-3\logs\install-woodland-spirit-aftermath-8174-2026-06-24.md"
"Installed standard path","installed-standard-or-script-merged","medium","11599","install-wpi-redux-11599-2026-06-22.md","C:\Users\marti\OneDrive\Documents\New project\Witcher-3\logs\install-wpi-redux-11599-2026-06-22.md"
"Installed standard path","installed-standard-or-script-merged","medium","4820","install-yennefer-face-2026-06-23.md","C:\Users\marti\OneDrive\Documents\New project\Witcher-3\logs\install-yennefer-face-2026-06-23.md"
"Installed standard path","installed-standard-or-script-merged","medium","2853","install-yrden-igni-lightsource-2853-2026-06-22.md","C:\Users\marti\OneDrive\Documents\New project\Witcher-3\logs\install-yrden-igni-lightsource-2853-2026-06-22.md"
"Troubleshooting / validation","troubleshooting-record","medium","","investigate-no-window-startup-hang-loader-pressure-2026-06-25.md","C:\Users\marti\OneDrive\Documents\New project\Witcher-3\logs\investigate-no-window-startup-hang-loader-pressure-2026-06-25.md"
"Troubleshooting / validation","troubleshooting-record","medium","9360","investigate-w3qe-9360-startup-hang-2026-06-24.md","C:\Users\marti\OneDrive\Documents\New project\Witcher-3\logs\investigate-w3qe-9360-startup-hang-2026-06-24.md"
"Troubleshooting / validation","troubleshooting-record","medium","7236","investigate-witcher-lore-collection-7236-startup-hang-2026-06-24.md","C:\Users\marti\OneDrive\Documents\New project\Witcher-3\logs\investigate-witcher-lore-collection-7236-startup-hang-2026-06-24.md"
"Troubleshooting / validation","troubleshooting-record","medium","","isolate-startup-no-window-hang-night-to-remember-2026-06-24.md","C:\Users\marti\OneDrive\Documents\New project\Witcher-3\logs\isolate-startup-no-window-hang-night-to-remember-2026-06-24.md"
"Reference / notes","reference","medium","","menu-label-cleanup-rer-wpi-2026-06-22.md","C:\Users\marti\OneDrive\Documents\New project\Witcher-3\logs\menu-label-cleanup-rer-wpi-2026-06-22.md"
"Reference / notes","reference","medium","","menu-label-cleanup-swords-meditation-2026-06-23.md","C:\Users\marti\OneDrive\Documents\New project\Witcher-3\logs\menu-label-cleanup-swords-meditation-2026-06-23.md"
"Reference / notes","reference","medium","","onedrive-junction-2026-06-21.md","C:\Users\marti\OneDrive\Documents\New project\Witcher-3\logs\onedrive-junction-2026-06-21.md"
"Reference / notes","reference","medium","","organize-gog-bonus-extras-2026-06-21.md","C:\Users\marti\OneDrive\Documents\New project\Witcher-3\logs\organize-gog-bonus-extras-2026-06-21.md"
"Reference / notes","reference","medium","","preinstall-check-2026-06-21.md","C:\Users\marti\OneDrive\Documents\New project\Witcher-3\logs\preinstall-check-2026-06-21.md"
"Removed / quarantined","quarantined-or-disabled","high","","quarantine-e3-quen-visual-mods-2026-06-25.md","C:\Users\marti\OneDrive\Documents\New project\Witcher-3\logs\quarantine-e3-quen-visual-mods-2026-06-25.md"
"Removed / quarantined","quarantined-or-disabled","high","","quarantine-low-value-content-mods-2026-06-25.md","C:\Users\marti\OneDrive\Documents\New project\Witcher-3\logs\quarantine-low-value-content-mods-2026-06-25.md"
"Fix / restoration applied","fix-applied","medium","","restore-rt-water-reflection-fix-after-cleanup-2026-06-25.md","C:\Users\marti\OneDrive\Documents\New project\Witcher-3\logs\restore-rt-water-reflection-fix-after-cleanup-2026-06-25.md"
"Assessed / audited","assessed-or-audited","medium","780","review-amm-780-2026-06-21.md","C:\Users\marti\OneDrive\Documents\New project\Witcher-3\logs\review-amm-780-2026-06-21.md"
"Assessed / audited","assessed-or-audited","medium","8627","review-amm-w3ee-8627-2026-06-21.md","C:\Users\marti\OneDrive\Documents\New project\Witcher-3\logs\review-amm-w3ee-8627-2026-06-21.md"
"Assessed / audited","assessed-or-audited","medium","2348","review-knight-hips-2348-2026-06-22.md","C:\Users\marti\OneDrive\Documents\New project\Witcher-3\logs\review-knight-hips-2348-2026-06-22.md"
"Assessed / audited","assessed-or-audited","medium","7271","review-shades-of-iron-7271-2026-06-22.md","C:\Users\marti\OneDrive\Documents\New project\Witcher-3\logs\review-shades-of-iron-7271-2026-06-22.md"
"Assessed / audited","assessed-or-audited","medium","10830;3952","review-swords-on-roach-amm-patch-10830-2026-06-21.md","C:\Users\marti\OneDrive\Documents\New project\Witcher-3\logs\review-swords-on-roach-amm-patch-10830-2026-06-21.md"
"Troubleshooting / validation","troubleshooting-record","medium","","runtime-deep-dive-launch-crash-cleanup-2026-06-24.md","C:\Users\marti\OneDrive\Documents\New project\Witcher-3\logs\runtime-deep-dive-launch-crash-cleanup-2026-06-24.md"
"Reference / notes","reference","medium","","script-merger-baseline-conflicts-2026-06-21.md","C:\Users\marti\OneDrive\Documents\New project\Witcher-3\logs\script-merger-baseline-conflicts-2026-06-21.md"
"Reference / notes","reference","medium","","setup-script-merger-2026-06-21.md","C:\Users\marti\OneDrive\Documents\New project\Witcher-3\logs\setup-script-merger-2026-06-21.md"
"Troubleshooting / validation","troubleshooting-record","medium","","stack-health-audit-2026-06-22.md","C:\Users\marti\OneDrive\Documents\New project\Witcher-3\logs\stack-health-audit-2026-06-22.md"
"Troubleshooting / validation","troubleshooting-record","medium","","stack-health-audit-after-rer-wpi-2026-06-22.md","C:\Users\marti\OneDrive\Documents\New project\Witcher-3\logs\stack-health-audit-after-rer-wpi-2026-06-22.md"
"Skipped / do not install now","skipped","n/a","","testing-utility-skip-storybook-2026-06-23.md","C:\Users\marti\OneDrive\Documents\New project\Witcher-3\logs\testing-utility-skip-storybook-2026-06-23.md"
"Reference / notes","reference","medium","","tosa-shadow-inventory-2026-06-24.csv","C:\Users\marti\OneDrive\Documents\New project\Witcher-3\logs\tosa-shadow-inventory-2026-06-24.csv"
